time,m_x,m_y,m_z,qfi,qfi_raw
1, 2.423725041602765E-001,-2.071708361597507E-001,-3.836158207622272E-001, 2.164542537739145E-003, 8.658170150956579E-001
2, 3.845495336989260E-001, 5.844785183828725E-002, 2.702426754765252E-001, 6.627000466361750E-003, 1.060320074617880E+001
3, 2.703402515709781E-001, 5.498237387099009E-002,-2.775403183984002E-001, 1.581607343215678E-002, 5.693786435576442E+001
4, 1.221546027160868E-001,-7.952913892575793E-003, 3.132357789679787E-001, 3.021947231214290E-002, 1.934046227977145E+002
5, 2.127676442756907E-001,-4.978352199814486E-002,-2.858597636665691E-001, 4.138491020235172E-002, 4.138491020235172E+002
6, 2.899893085800122E-001,-3.992382086858377E-002, 2.793717219683087E-001, 4.415441072967657E-002, 6.358235145073427E+002
7, 2.492443084479266E-001, 7.220141703651348E-002,-3.301767367371099E-001, 4.299911809454784E-002, 8.427827146531376E+002
8, 1.924914818851095E-001,-3.106090683208170E-002, 3.761783297301596E-001, 4.021725845195611E-002, 1.029561816370076E+003
9, 2.146265191786876E-001,-6.293831914666845E-002,-3.602428429738724E-001, 3.600381933918829E-002, 1.166523746589701E+003
10, 2.497752392894256E-001, 3.003449262947933E-002, 3.169960142796055E-001, 3.402631061351201E-002, 1.361052424540480E+003
11, 2.107002103575860E-001,-1.432056521660993E-002,-3.054833185778880E-001, 3.594409820525354E-002, 1.739694353134271E+003
12, 2.667501836584560E-001, 6.707786220193621E-002, 2.721565207672477E-001, 3.849192844998400E-002, 2.217135078719079E+003
13, 3.089449860384522E-001,-4.350313179517225E-003,-2.322850360977927E-001, 4.037917674511480E-002, 2.729632347969760E+003
14, 1.703111986869056E-001,-1.054417125563897E-001, 2.824752763189744E-001, 4.250955029568461E-002, 3.332748743181673E+003
15, 1.122442593229754E-001,-2.601185202789312E-002,-3.247313935190216E-001, 4.518644108362504E-002, 4.066779697526254E+003
16, 2.772816103739887E-001, 7.549950081765344E-002, 2.704942383644862E-001, 4.704179221717679E-002, 4.817079523038903E+003
17, 3.532424042226710E-001, 2.674555153911727E-002,-2.452528501325031E-001, 4.712387116155347E-002, 5.447519506275581E+003
18, 2.082200426413314E-001,-6.618659690895974E-002, 2.978027200297187E-001, 4.706517451454623E-002, 6.099646617085191E+003
19, 1.334761206802590E-001,-6.490768513920894E-002,-2.973361311233742E-001, 4.868590647546852E-002, 7.030244895057655E+003
20, 2.566581645352993E-001, 5.590870714879337E-002, 2.385957033636585E-001, 5.062522192341037E-002, 8.100035507745659E+003
21, 3.200410622817990E-001, 3.270016618853387E-002,-2.281002064346278E-001, 5.112600681753152E-002, 9.018627602612560E+003
22, 2.060461331963560E-001,-6.191731955551153E-002, 2.736886185986074E-001, 5.167068005652600E-002, 1.000344365894343E+004
23, 1.229896622996125E-001,-2.922151928022212E-002,-2.947652137054756E-001, 5.305627000894323E-002, 1.122670673389239E+004
24, 2.655545046734379E-001, 5.501354314570088E-002, 2.436938898407699E-001, 5.416661982196001E-002, 1.247998920697959E+004
25, 3.176548892137367E-001, 6.257385224361560E-002,-2.489930011211080E-001, 5.433971843840316E-002, 1.358492960960079E+004
26, 2.080358358586948E-001,-3.617146621539614E-002, 3.020957986224395E-001, 5.445680607811217E-002, 1.472512036352153E+004
27, 1.918436239502496E-001,-1.010112421995796E-001,-2.738234748905876E-001, 5.499633524139150E-002, 1.603693135638976E+004
28, 2.632605482786458E-001, 5.909865257527304E-002, 1.918626964201254E-001, 5.583140188868135E-002, 1.750872763229047E+004
29, 2.498696121779735E-001, 1.122024295921673E-001,-2.181928458584670E-001, 5.689615373577934E-002, 1.913986611671617E+004
30, 1.610863773091742E-001,-6.341919921843017E-002, 3.068462932945322E-001, 5.773644062147523E-002, 2.078511862373108E+004
31, 2.335853165700247E-001,-6.813533943101176E-002,-2.934387444539722E-001, 5.783013250066274E-002, 2.222990293325476E+004
32, 2.858164499281108E-001,-1.753374903549030E-002, 2.650732957787472E-001, 5.725195207860929E-002, 2.345039957139837E+004
33, 2.403402079593254E-001, 5.364513175051520E-002,-3.029054442772505E-001, 5.649963318481946E-002, 2.461124021530736E+004
34, 2.065863874729033E-001,-1.758388064717321E-002, 3.345931262089050E-001, 5.612942143900473E-002, 2.595424447339579E+004
35, 2.404958221433600E-001,-7.521882760472789E-002,-3.091397800258389E-001, 5.545201076849663E-002, 2.717148527656335E+004
36, 2.534396601345304E-001, 1.531835322177343E-002, 2.641098544637416E-001, 5.466980104458001E-002, 2.834082486151028E+004
37, 1.761486298265462E-001, 7.071331110324572E-003,-2.692124799958643E-001, 5.472605589966287E-002, 2.996798821065539E+004
38, 2.073748484828733E-001, 1.006834880660276E-002, 2.654187937282749E-001, 5.564454854375553E-002, 3.214029123887319E+004
39, 2.871615215309496E-001, 1.784500733587604E-002,-2.658674273222285E-001, 5.593075530012689E-002, 3.402827152459720E+004
40, 2.913380731007139E-001,-9.329038302859385E-002, 3.078415944280180E-001, 5.516425277994647E-002, 3.530512177916574E+004
41, 1.584443281067764E-001, 6.657877324931413E-002,-3.885072395282638E-001, 5.422329689168947E-002, 3.645974482997200E+004
42, 1.969583845210143E-001, 9.250268450744958E-002, 3.710920177251987E-001, 5.316944855117652E-002, 3.751636289771015E+004
43, 3.042254428403139E-001,-3.358067793352718E-002,-3.083131189905606E-001, 5.177295083765627E-002, 3.829127443953058E+004
44, 2.658849161420090E-001,-8.488908405296738E-002, 3.326784760664953E-001, 5.046845204766932E-002, 3.908276926571512E+004
45, 1.229463517511567E-001,-4.334071786158947E-003,-3.843593570442447E-001, 4.976951930383978E-002, 4.031331063611023E+004
46, 2.062160704366699E-001, 1.419173024441869E-001, 3.096601134783589E-001, 4.958605519112435E-002, 4.196963711376765E+004
47, 3.160441534786779E-001,-1.680122857015012E-002,-2.357568346118995E-001, 4.957882086727441E-002, 4.380784611832366E+004
48, 2.947314104795683E-001,-1.105671068005103E-001, 2.806305008071251E-001, 4.951481088371318E-002, 4.563284971043006E+004
49, 1.728284770856179E-001, 6.350359213224431E-002,-3.638318173588063E-001, 4.945146851218982E-002, 4.749319035910710E+004
50, 1.896509153433454E-001, 3.288747949963682E-002, 3.676163836518913E-001, 4.892823494617569E-002, 4.892823494617570E+004
51, 2.454216974446805E-001,-1.072665966324924E-002,-3.470726511544230E-001, 4.768939913278691E-002, 4.961605085775150E+004
52, 2.498191819866467E-001,-1.561781079975440E-002, 3.488117532326150E-001, 4.657420993771670E-002, 5.037466546863438E+004
53, 2.007780498159965E-001,-1.236900849915208E-002,-3.584421673396327E-001, 4.610032510475867E-002, 5.179832528770684E+004
54, 2.630386720929023E-001, 7.232477300227251E-002, 3.167904906875193E-001, 4.574025444505874E-002, 5.335143278471651E+004
55, 2.766441703877166E-001, 1.726925854260628E-002,-2.908396754280548E-001, 4.541366198724350E-002, 5.495053100456463E+004
56, 1.605249053763913E-001,-7.127099587877356E-004, 3.091826457924870E-001, 4.553084620500432E-002, 5.711389347955742E+004
57, 2.309350807470851E-001,-4.561950784977699E-002,-2.861365753079794E-001, 4.598004869633998E-002, 5.975567128576344E+004
58, 2.971602624838811E-001, 6.952689023041458E-003, 2.569627232291937E-001, 4.615701959310992E-002, 6.210888556448871E+004
59, 2.301081436003904E-001, 1.289711671080664E-001,-3.093247173484926E-001, 4.607624993744690E-002, 6.415657041290106E+004
60, 1.162306639606848E-001, 1.418772642866679E-002, 3.777250689062454E-001, 4.585079734333556E-002, 6.602514817440321E+004
61, 2.564739935692497E-001,-1.267612616500643E-001,-2.999877220797115E-001, 4.580202749723508E-002, 6.817173772688469E+004
62, 3.300130571467700E-001, 1.550559076832217E-002, 2.368732048592039E-001, 4.587254912376329E-002, 7.053363153269843E+004
63, 2.565809381508449E-001, 7.560377021953149E-002,-2.695763813302082E-001, 4.604287938581241E-002, 7.309767531291579E+004
64, 1.481576369994981E-001,-7.109452195447329E-003, 3.117742441636375E-001, 4.652734431855599E-002, 7.623040093152213E+004
65, 1.935379686487533E-001,-8.064245357238450E-002,-2.747759365469420E-001, 4.702261887831259E-002, 7.946822590434828E+004
66, 3.027629348632644E-001, 3.198211550900542E-004, 2.329252188172350E-001, 4.721380289109073E-002, 8.226533015743649E+004
67, 2.237624019793546E-001, 8.259306969824524E-002,-2.754212615161339E-001, 4.743490069965588E-002, 8.517410769630209E+004
68, 1.672252650911162E-001, 1.201049426015193E-002, 3.126174475645697E-001, 4.785148787531711E-002, 8.850611197418653E+004
69, 2.847988525555651E-001,-1.035464612849047E-001,-2.552529956503848E-001, 4.818415514683638E-002, 9.176190506163519E+004
70, 2.994201001661444E-001, 2.991094612457868E-003, 2.044225698277275E-001, 4.854610500509231E-002, 9.515036580998093E+004
71, 1.650231756205319E-001, 7.243370734477106E-002,-2.434479818093266E-001, 4.926742317201734E-002, 9.934283208405576E+004
72, 1.821988969163312E-001, 3.584860082623897E-002, 2.643037262149726E-001, 5.004590933976357E-002, 1.037751976069337E+005
73, 2.970887628473893E-001,-1.611011363833057E-002,-2.262936739281463E-001, 5.050586507628441E-002, 1.076583019966079E+005
74, 2.473991251109936E-001,-9.424482642663252E-002, 2.647677726996158E-001, 5.063759393354719E-002, 1.109165857520417E+005
75, 1.690594911412740E-001, 3.807755718334689E-002,-3.259494997657787E-001, 5.069811689031081E-002, 1.140707630031993E+005
76, 2.058228023308254E-001, 7.061557828290874E-002, 3.131184441640785E-001, 5.074282635816710E-002, 1.172362260179093E+005
77, 3.196987665376437E-001,-6.148757934307562E-002,-2.481955734345755E-001, 5.069184055871697E-002, 1.202207690690532E+005
78, 2.757120680790919E-001,-2.444644917643731E-003, 2.292084773138375E-001, 5.085066063685071E-002, 1.237501677258399E+005
79, 1.470180558258659E-001, 9.682960607388390E-003,-2.351147456593362E-001, 5.158550678109942E-002, 1.287780591283366E+005
80, 1.992454241522525E-001, 3.901256974755308E-003, 2.383280866132226E-001, 5.236834899947921E-002, 1.340629734386668E+005
81, 2.836561489469870E-001, 4.943494306129471E-002,-2.498035424690059E-001, 5.256256655248328E-002, 1.379451996603371E+005
82, 2.181030699328712E-001,-7.357259700370421E-002, 3.077627312987424E-001, 5.244456588347112E-002, 1.410549044001839E+005
83, 1.919893137826100E-001,-2.022976627380597E-002,-3.356080032046660E-001, 5.237902287185595E-002, 1.443356354256863E+005
84, 3.062106995629246E-001, 4.589175999553326E-002, 2.945894100114491E-001, 5.221514346663258E-002, 1.473720209202238E+005
85, 2.809340083364137E-001, 6.025834404706252E-002,-2.995362902846094E-001, 5.181107422439970E-002, 1.497340045085151E+005
86, 1.204170579208951E-001,-2.329473954293629E-002, 3.509436578854105E-001, 5.148532299920729E-002, 1.523141795608549E+005
87, 2.011377836410335E-001,-1.136337223112206E-001,-3.053079251110226E-001, 5.148084717425080E-002, 1.558634129047617E+005
88, 3.151639323577221E-001, 3.513426378336681E-002, 2.329811634259423E-001, 5.158669097257371E-002, 1.597949339566443E+005
89, 2.831921912177854E-001, 1.242141465654889E-001,-2.711453871784285E-001, 5.153784367312923E-002, 1.632925038939426E+005
90, 1.128676540734961E-001,-7.962304837378172E-002, 3.766393087946004E-001, 5.133709695504823E-002, 1.663321941343563E+005
91, 1.997814785603237E-001,-1.192748557496132E-001,-3.488973603160839E-001, 5.110421418636808E-002, 1.692775990709256E+005
92, 3.486738728676285E-001, 5.626592924059710E-002, 2.650247546784591E-001, 5.088070909958255E-002, 1.722617287275467E+005
93, 2.972124218006499E-001, 8.808622904653060E-002,-2.782654508992279E-001, 5.066917617337171E-002, 1.752950818893968E+005
94, 1.317294327547819E-001,-1.204804908634150E-001, 3.793552244263771E-001, 5.047190317986129E-002, 1.783878945989017E+005
95, 1.421246235418203E-001,-7.761804077203868E-002,-3.975421871231279E-001, 5.000035179489237E-002, 1.805012699795614E+005
96, 2.987973418928220E-001, 5.905464770447785E-002, 3.261320996654208E-001, 4.934994127622277E-002, 1.819236235206676E+005
97, 2.794798867618511E-001, 2.106907903959631E-002,-3.152443804399939E-001, 4.889578401215030E-002, 1.840241727081289E+005
98, 2.179723606745115E-001,-2.279724712847205E-003, 3.307569546000336E-001, 4.880579130640746E-002, 1.874923278826949E+005
99, 2.215256016516457E-001,-4.248107752618967E-002,-3.128436492096469E-001, 4.872655102122269E-002, 1.910275706236014E+005
100, 2.607668021200570E-001,-4.543229664184278E-003, 2.902880885620724E-001, 4.852411711094879E-002, 1.940964684437952E+005
102, 2.221635907233397E-001, 1.770904966843084E-002, 3.123576530340287E-001, 4.858207864528000E-002, 2.021791784901972E+005
104, 2.461518731139622E-001,-7.087323045638246E-002, 3.316817801885545E-001, 4.801161533228346E-002, 2.077174525735911E+005
107, 3.355749898644746E-001,-4.169508688284364E-002,-2.524622356498483E-001, 4.761666476420565E-002, 2.180652779541562E+005
109, 8.959481729041294E-002, 6.705488129078794E-003,-3.230642404527872E-001, 4.769516336679171E-002, 2.266664943843409E+005
112, 2.941997728027368E-001,-8.513246511353224E-002, 2.638620989627328E-001, 4.831139753844447E-002, 2.424072682888990E+005
114, 2.193734377884016E-001, 7.901764930760133E-002, 2.677873579140223E-001, 4.875330337807304E-002, 2.534391722805749E+005
117, 1.928306046147336E-001,-3.269119536508706E-002,-2.919470107482302E-001, 4.919791923521340E-002, 2.693881265643345E+005
120, 2.302025202071514E-001,-6.191957736703707E-002, 2.775691247154002E-001, 4.999198876464614E-002, 2.879538552843618E+005
123, 2.538347541509819E-001, 4.759788986863532E-002,-2.132646802327378E-001, 5.077550391342830E-002, 3.072730394825027E+005
125, 1.895028309021987E-001,-3.302694114383116E-002,-2.780272673798502E-001, 5.147160469774004E-002, 3.216975293608753E+005
128, 1.867008829530750E-001, 1.560391726418854E-002, 3.011716285803250E-001, 5.161987633643237E-002, 3.382960215584432E+005
131, 1.879812340343107E-001, 4.480195548463954E-002,-2.916155858547264E-001, 5.166208555281462E-002, 3.546292200687407E+005
134, 3.231062040204328E-001,-9.397238967709595E-002, 2.473038079512488E-001, 5.214870835762736E-002, 3.745528829078227E+005
138, 3.004809389690097E-001,-5.155278608714444E-002, 2.917584311442930E-001, 5.141788010980836E-002, 3.916808435244762E+005
141, 2.894731611131440E-001,-5.807173127882511E-002,-2.824327063561625E-001, 5.094709055577824E-002, 4.051516429357709E+005
144, 2.205330147496244E-001, 7.063035530366503E-003, 3.119262437267517E-001, 5.089840871014840E-002, 4.221717612054549E+005
147, 2.199896110269412E-001,-3.592131172220879E-002,-3.510132560174823E-001, 5.017748244496053E-002, 4.337140872612608E+005
151, 1.842571395348172E-001,-1.285883912551459E-001,-3.180296801909329E-001, 4.942262120004333E-002, 4.507540743928752E+005
154, 1.301749458034789E-001,-1.001414029121896E-001, 3.312091170681878E-001, 4.971856180316830E-002, 4.716501646895758E+005
158, 1.781195658471172E-001,-2.221394917316272E-003, 3.278626191620334E-001, 4.943353912153266E-002, 4.936235482519765E+005
162, 1.845639575876951E-001,-4.130166036497145E-002, 2.619222879206223E-001, 5.019004779186447E-002, 5.268750456998765E+005
165, 1.874059831823790E-001, 4.280294346758391E-002,-2.832471377027124E-001, 5.052831000910689E-002, 5.502532959991740E+005
169, 1.469786119512665E-001, 4.532207491123866E-002,-2.491300336958022E-001, 5.143366326448297E-002, 5.875987425987592E+005
173, 1.888099755164062E-001,-4.965184798615671E-002,-2.868989003505553E-001, 5.177655726032685E-002, 6.198482328977289E+005
177, 1.899772418760789E-001, 8.344131478083314E-003,-2.749749222654672E-001, 5.280346811604151E-002, 6.617119410429858E+005
181, 1.088066019472869E-001,-1.166906927142286E-001,-3.867544624300092E-001, 5.252220170607096E-002, 6.882719400370363E+005
186, 2.888652932359235E-001, 3.377744485284793E-002, 2.747707234171967E-001, 5.282961271005931E-002, 7.310773125268847E+005
190, 2.245933476921510E-001, 5.138408093927819E-002, 3.566172197410907E-001, 5.208716442065833E-002, 7.521386542343062E+005
194, 2.867372975646892E-001,-5.463680361086333E-002, 2.517815377928670E-001, 5.179557316216863E-002, 7.797512766125514E+005
199, 1.290240068194841E-001, 4.476537888362192E-002,-3.752229056269570E-001, 5.123603524066948E-002, 8.115992926263008E+005
204, 8.228823325464935E-002, 4.922092126542342E-002, 3.028418470387567E-001, 5.135604409555220E-002, 8.548932524322001E+005
208, 1.902506288924443E-001, 9.753050715573137E-002, 2.615495305753427E-001, 5.151405453454112E-002, 8.914816221529548E+005
213, 2.475630073343238E-001, 4.124009406867659E-002,-2.234701103168787E-001, 5.216570265719320E-002, 9.466823055416793E+005
218, 1.283406910854201E-001,-7.606548176348723E-003, 2.116407307924869E-001, 5.296323441228383E-002, 1.006809900883751E+006
223, 2.329329702708777E-001,-9.753464454265985E-002,-2.753343494479872E-001, 5.366398284312671E-002, 1.067462481122339E+006
229, 2.540667876665728E-001, 1.319370094830414E-001,-2.595772407714366E-001, 5.439343579828299E-002, 1.140978466679103E+006
234, 2.062185834984149E-001, 4.812899301603300E-002, 3.061038016023541E-001, 5.387517365551302E-002, 1.179995603472508E+006
239, 3.154126897323025E-001, 7.645100942809702E-002,-2.940526081050467E-001, 5.401401263756890E-002, 1.234133766348229E+006
245, 1.199559301713748E-001,-1.599396629054461E-002,-3.264061552051615E-001, 5.343701679589049E-002, 1.283022773269331E+006
251, 2.658104131457530E-001, 2.223608792043238E-002,-2.183727618474351E-001, 5.319459774352456E-002, 1.340525140975916E+006
257, 2.984753029070318E-001,-7.994090177659367E-002,-2.386700307021533E-001, 5.350180855194278E-002, 1.413496381218907E+006
263, 1.691674024373281E-001, 6.215721195425865E-002,-2.699354790843079E-001, 5.441222771965640E-002, 1.505455751656366E+006
269, 2.502749826525469E-001,-1.456619986081154E-003,-1.382130791284142E-001, 5.522524102601988E-002, 1.598461466353530E+006
275, 1.334226674722107E-001, 1.988182497470821E-002,-3.350312162912432E-001, 5.574601978215694E-002, 1.686317098410247E+006
281, 2.847247806225911E-001, 4.996437321514591E-002,-2.790297790475247E-001, 5.603445864933794E-002, 1.769814755764149E+006
288, 3.465686497930228E-001,-3.441626416521108E-002, 2.307545390083625E-001, 5.570861990353913E-002, 1.848278307711660E+006
295, 2.786569578357868E-001,-9.057937445557826E-002,-2.706797698690339E-001, 5.543663797197459E-002, 1.929749367804436E+006
301, 2.133927464704122E-001,-3.623343599356630E-002,-2.698251980489926E-001, 5.547667215308739E-002, 2.010496789496748E+006
309, 1.707636680295356E-001,-5.791227597254382E-002,-2.409379652476560E-001, 5.615088481404913E-002, 2.144537053172090E+006
316, 2.175058501956411E-001,-2.463494496384896E-002, 2.845777913289642E-001, 5.713895609404793E-002, 2.282267039890900E+006
323, 2.267537464849085E-001, 6.501570647595500E-002,-2.215796509802688E-001, 5.787755585009673E-002, 2.415323009713897E+006
331, 1.469869544517903E-001,-3.133171211855575E-002,-3.061901328060895E-001, 5.797080638649113E-002, 2.540535807404142E+006
338, 2.772483529099029E-001,-5.215055043619687E-002, 2.828563221653297E-001, 5.779498617636719E-002, 2.641092160293157E+006
346, 2.046751229097499E-001, 1.362433505296148E-002, 2.802423996790609E-001, 5.779465291936042E-002, 2.767577867557661E+006
354, 1.178137152196813E-001, 4.664560569378776E-002, 2.305656598230427E-001, 5.826944404655841E-002, 2.920837460055405E+006
363, 2.825474379119030E-001,-7.891373249278252E-002,-1.414447050179695E-001, 5.925718313014984E-002, 3.123303905550686E+006
371, 2.946230812877760E-001,-3.440749302143307E-002,-2.392238891128464E-001, 6.001332087533257E-002, 3.304117399440660E+006
380, 1.266277727525950E-001, 3.264409686922859E-003, 3.335006559751696E-001, 6.035107830088594E-002, 3.485878282659172E+006
389, 2.411464633129433E-001,-6.924142926293775E-002,-2.798673145812991E-001, 6.030979375371077E-002, 3.650455320242107E+006
398, 2.491048133442925E-001,-1.117837663327695E-002, 2.014475696773840E-001, 6.045639716807626E-002, 3.830614054804781E+006
407, 1.799116243049190E-001,-9.656692661260484E-002,-1.613350269212222E-001, 6.131558829821045E-002, 4.062746354404105E+006
416, 2.601626123098159E-001, 7.099395317988784E-003, 1.138447202672184E-001, 6.233253901348116E-002, 4.314807948606798E+006
426, 1.678590883352688E-001, 4.440189707941209E-002, 2.521857567242812E-001, 6.297098192523472E-002, 4.571088766345558E+006
436, 1.564462759706720E-001,-6.779077541983751E-004, 2.704190570865909E-001, 6.290096573646663E-002, 4.782888793055744E+006
446, 3.493357410075162E-001, 2.783601696955895E-002, 1.939798410651786E-001, 6.313099863790850E-002, 5.023106290023283E+006
457, 3.235944637178932E-001,-9.603219994240478E-002,-1.417039266205500E-001, 6.407815889414921E-002, 5.353063762753667E+006
467, 1.579668102821260E-001,-1.096056603993827E-001,-1.630923402986644E-001, 6.506774056850795E-002, 5.676223389138132E+006
478, 2.277472250330574E-001,-5.777927026199166E-002, 2.453317757018623E-001, 6.558596008487795E-002, 5.994137001613301E+006
489, 1.561612907127920E-001, 2.481243481692537E-002,-2.373371066640323E-001, 6.555438493960576E-002, 6.270172032457388E+006
501, 2.099246063007871E-001, 7.673066337083428E-003,-1.610031843219284E-001, 6.645313545159405E-002, 6.671921380594224E+006
512, 1.840331924021985E-001, 3.991624864060150E-002, 1.679058319935185E-001, 6.751055351817271E-002, 7.078994616587147E+006
524, 1.938902193450242E-001,-2.686568975074484E-002, 2.124194491307929E-001, 6.818567531802139E-002, 7.488859994448416E+006
537, 3.038916432757873E-001, 5.282469606958673E-002,-1.886052525256592E-001, 6.834009992964823E-002, 7.882866510645093E+006
549, 1.441347312839149E-001, 2.092784699701857E-002,-1.617315308842099E-001, 6.900561305259639E-002, 8.319344311866242E+006
562, 2.247403042698123E-001, 1.190828967809739E-001, 1.389757314390264E-001, 7.018119672118406E-002, 8.866523958882263E+006
575, 2.157126041808027E-001, 9.250011931808431E-002,-2.207119140378039E-001, 7.079434922923594E-002, 9.362552685566453E+006
588, 2.202591406070372E-001, 4.250527735093738E-002, 1.372004008151744E-001, 7.106350383751862E-002, 9.827912028319616E+006
602, 2.111642879418836E-001, 4.089297338270794E-002, 1.790808051002998E-001, 7.198804529383629E-002, 1.043550222666698E+007
616, 2.405788798114090E-001,-4.202852230566114E-002, 1.599738721292320E-001, 7.307764925769507E-002, 1.109190099069118E+007
630, 2.332932961816604E-001, 6.777530167316050E-002, 1.461959484360109E-001, 7.338289885944149E-002, 1.165026902292493E+007
645, 2.715092709313843E-001,-5.240404756964112E-002,-1.232264233157043E-001, 7.402228634104978E-002, 1.231804867001409E+007
660, 2.849032338092121E-001, 4.299279623463846E-003, 1.535188291446520E-001, 7.525560349051925E-002, 1.311253635218807E+007
676, 2.039145655390150E-001,-1.007498053299777E-002, 1.983474330710832E-001, 7.568777135437108E-002, 1.383499800097403E+007
691, 2.763336253155311E-001, 6.250804931119971E-002,-6.175525489733329E-002, 7.627156124550889E-002, 1.456728853402673E+007
707, 2.195608910928221E-001,-5.481389034891164E-002,-1.063773958585800E-001, 7.732900432228630E-002, 1.546113019259619E+007
724, 2.541176649850526E-001, 3.895314872486579E-003, 1.288662597024841E-001, 7.790341889015512E-002, 1.633404100006638E+007
741, 2.346421566546056E-001, 3.853832463361879E-002,-1.172622390948145E-001, 7.844745324001502E-002, 1.722960242899228E+007
758, 2.075126088898961E-001, 1.950153381623821E-002, 8.048225625993123E-002, 7.952779702783438E-002, 1.827752366860025E+007
776, 2.171969131045704E-001, 3.684133940665909E-002, 1.077907499387538E-001, 7.989741456084351E-002, 1.924492220423620E+007
794, 1.274667757459171E-001,-8.661309415389224E-003, 1.611520911640962E-002, 8.062048069779250E-002, 2.033042134767741E+007
812, 2.411346234597246E-001, 6.031676909706868E-003, 7.829521397950859E-002, 8.143529702412379E-002, 2.147754979242955E+007
831, 2.579379031951822E-001, 6.258491529551960E-002,-1.382109742027695E-001, 8.177618705946177E-002, 2.258857820478759E+007
851, 2.154714055677772E-001,-2.720656527330260E-002,-1.081088792263636E-001, 8.268288686320321E-002, 2.395161173968745E+007
870, 1.806346359267234E-001, 6.136854271763439E-002, 7.900561398974011E-002, 8.300947943107138E-002, 2.513194999255117E+007
891, 3.123246667146158E-001, 4.413294783568183E-002,-9.399344904711592E-002, 8.363164589362772E-002, 2.655742986947162E+007
912, 2.040091730968091E-001, 6.997127193733745E-003, 5.251988995876041E-002, 8.420519096691451E-002, 2.801486494223414E+007
933, 2.076884896662639E-001,-2.090622484115163E-002,-2.634494199051036E-002, 8.444617902642551E-002, 2.940378797381365E+007
954, 1.976987774590170E-001,-2.786978116977212E-002, 2.973576997831250E-002, 8.510692521203339E-002, 3.098286973850999E+007
977, 2.620975832734441E-001,-1.357469284463870E-002,-6.243818736954673E-002, 8.521306349379561E-002, 3.253533611346769E+007
1000, 2.990880830547223E-001,-3.663616032702579E-002, 7.565197221168929E-002, 8.581234716565024E-002, 3.432493886626010E+007
1023, 2.756332986179302E-001,-5.784269199010551E-002,-8.747085189765075E-002, 8.575396444019875E-002, 3.589760426065470E+007
1047, 2.445403999506504E-001,-5.116145225098655E-002,-8.595201777795143E-002, 8.624715184374876E-002, 3.781796163019359E+007
1071, 2.612732023281600E-001, 5.594025896877917E-002,-1.107740427602537E-001, 8.618585530993141E-002, 3.954348386422361E+007
1096, 2.624999950169957E-001,-1.835058660996548E-002, 1.098368273681624E-001, 8.650202985863384E-002, 4.156304891946748E+007
1122, 2.857544267090381E-001, 1.744602316565769E-002, 7.988155846393985E-002, 8.627775190130775E-002, 4.344547256981036E+007
1148, 2.261659343093634E-001,-4.999113396605416E-003, 1.037125511557068E-001, 8.643972831110211E-002, 4.556770548004588E+007
1174, 1.858976123923029E-001,-2.800864228464059E-003, 7.280509846286165E-003, 8.614916534283955E-002, 4.749493080482701E+007
1202, 1.886305257988559E-001,-1.060907669176673E-002, 1.398035682355149E-001, 8.608640272130469E-002, 4.975119159894076E+007
1230, 2.270140746397387E-001,-2.377180282442162E-002, 3.713481618544447E-002, 8.582511399198071E-002, 5.193792598338705E+007
1258, 2.402327803745606E-001, 1.126076103237103E-002, 1.019838604692922E-001, 8.542373077722254E-002, 5.407540842948976E+007
1288, 1.968972345594558E-001, 1.888241110775036E-002, 1.104161037119011E-001, 8.516731328472313E-002, 5.651512134792469E+007
1318, 2.122343870735883E-001, 1.132206174375642E-002, 9.147225799329037E-002, 8.456655904095824E-002, 5.876103972298621E+007
1348, 2.370331842566336E-001, 4.658069563455144E-003, 1.536548875069180E-001, 8.411376201167638E-002, 6.113738136258608E+007
1380, 2.402398065944123E-001, 1.885528843582624E-002, 1.458833361430138E-001, 8.355926840555743E-002, 6.365210830061743E+007
1412, 2.830421676187821E-001,-2.299456966388582E-002, 1.385005556362738E-001, 8.274776097643295E-002, 6.599114078407894E+007
1445, 3.052384526552963E-001,-3.093157458181341E-002,-1.536323755292894E-001, 8.206891833850201E-002, 6.854478128550026E+007
1479, 2.372908541942725E-001,-3.933339601744723E-002,-7.098779673534135E-002, 8.130404435227787E-002, 7.113912003279641E+007
1513, 2.372683068018430E-001,-1.022651029750342E-001,-5.086485620356036E-002, 8.031680038606934E-002, 7.354349184919119E+007
1548, 2.835253849337646E-001,-4.858905009823652E-002, 1.814780361887058E-001, 7.938381675580428E-002, 7.609110305088033E+007
1584, 2.617833429115007E-001, 6.362948897569225E-002, 2.225572408424580E-001, 7.845999392090645E-002, 7.874420740288554E+007
1621, 2.402342433605968E-001,-4.320338361799374E-002,-1.927283030332697E-001, 7.739782456697451E-002, 8.134947885719579E+007
1659, 1.872833631407791E-001,-8.444436082741233E-002,-1.384131539717942E-001, 7.615641768324641E-002, 8.384154456706524E+007
1698, 2.762240997844089E-001, 3.073139899402250E-002, 2.333209124982315E-001, 7.492171871233744E-002, 8.640583963131446E+007
1737, 1.730255450055585E-001, 7.395909477604316E-002,-3.024599063300636E-001, 7.376672238749718E-002, 8.902666720766500E+007
1778, 1.292115596072032E-001,-5.313161560563516E-002, 2.739467838314714E-001, 7.251485956228616E-002, 9.169602611860090E+007
1819, 2.110383753517049E-001, 3.160478307530690E-002,-2.423809774730694E-001, 7.123971766884764E-002, 9.428607978947759E+007
1862, 1.898488154962306E-001, 1.392334286939078E-002, 2.559003305300750E-001, 6.987878269295324E-002, 9.690912570516294E+007
1905, 2.952962965703166E-001, 2.671381348692568E-002,-2.297147314963214E-001, 6.849176916213030E-002, 9.942333703343996E+007
1949, 1.966247626215302E-001,-9.735635792684916E-002,-2.540160918131223E-001, 6.709925777384330E-002, 1.019533230715916E+008
1995, 2.558456576083249E-001, 7.925402682804486E-003,-2.208531079802131E-001, 6.572979316537693E-002, 1.046424880172117E+008
2041, 2.547061697465959E-001, 7.097081551831429E-002,-2.546461225161541E-001, 6.441500083637940E-002, 1.073329380396359E+008
2089, 3.163961610008362E-001,-6.140844514861871E-002,-2.273072083574483E-001, 6.312976613017841E-002, 1.101973248562297E+008
2137, 1.933752752348026E-001,-1.299850726535998E-001,-3.082493973724160E-001, 6.195268382033497E-002, 1.131694383750029E+008
2187, 3.219846961311018E-001,-3.251982515049952E-002,-2.603016221663533E-001, 6.086254109365413E-002, 1.164414589248695E+008
2238, 1.940574187578881E-001,-5.017472729805746E-003, 2.886597542321343E-001, 5.990113268514061E-002, 1.200093795266534E+008
2290, 2.134313290937020E-001,-6.258974734628803E-002, 2.691805891157538E-001, 5.910224825843211E-002, 1.239752400368175E+008
2344, 2.024387611415677E-001, 1.213427173526588E-001, 2.610251702929531E-001, 5.845258115542925E-002, 1.284632483740786E+008
2398, 2.741071785857463E-001,-2.691570817581487E-002, 2.231758469947386E-001, 5.800886050954053E-002, 1.334297534038016E+008
2454, 2.706324349393012E-001, 6.539606688665416E-002, 2.293843563103780E-001, 5.769450310076310E-002, 1.389771960940620E+008
2511, 2.651778216598153E-001, 4.445613544063529E-003,-2.274008912615412E-001, 5.756927253589814E-002, 1.451924916883259E+008
2570, 2.297183341117501E-001, 2.150779141559967E-002, 1.728531354418736E-001, 5.774761051872529E-002, 1.525668770860515E+008
2630, 1.575753330855272E-001, 4.281597159877558E-002, 1.199484325090842E-001, 5.820818136717277E-002, 1.610480678794389E+008
2691, 2.826128514682289E-001,-1.275394807289215E-002,-1.633471660001140E-001, 5.881800542718701E-002, 1.703717875035487E+008
2754, 2.617555778078002E-001, 2.782879882464705E-002, 1.743750243784743E-001, 5.953418483173493E-002, 1.806151909613004E+008
2818, 2.019533683488538E-001,-1.977192741818618E-002, 8.118889920102854E-002, 6.054570692688671E-002, 1.923203865496265E+008
2884, 2.303698491328737E-001, 2.819187879143075E-002, 7.198692199417800E-002, 6.168127999027988E-002, 2.052125329371333E+008
2951, 2.021170605389399E-001,-4.027702182039163E-002,-1.142903611697081E-001, 6.277649770628410E-002, 2.186731661607608E+008
3019, 2.847666893174214E-001,-6.676290146549332E-002,-9.250884366891929E-002, 6.405235546423607E-002, 2.335185162405481E+008
3090, 2.621261306764259E-001, 1.987572273558308E-002, 7.024314640813578E-002, 6.519146533692270E-002, 2.489818520733887E+008
3162, 2.694695201988712E-001,-3.934266675258490E-002, 6.572541893668275E-002, 6.638598771808267E-002, 2.654973213545575E+008
3235, 2.501868669457408E-001,-5.800725350522873E-002,-1.256604531908334E-001, 6.730118745863385E-002, 2.817288278087126E+008
3311, 2.236252597928361E-001, 1.413744019635955E-002,-8.143914173283809E-002, 6.820346187149327E-002, 2.990782094925274E+008
3388, 2.339857983720475E-001,-2.437979952940405E-002, 1.156845428495105E-001, 6.874337471257418E-002, 3.156295405387080E+008
3467, 2.421123233917596E-001,-2.403208125931904E-002,-1.671728926733126E-001, 6.914682339882440E-002, 3.324603885284607E+008
3548, 3.259610144762354E-001, 5.330129202709095E-004, 1.039397084027823E-001, 6.926559072130138E-002, 3.487745250957284E+008
3630, 2.769080093981292E-001, 1.262517504838421E-001, 1.570283476317445E-001, 6.901254159906442E-002, 3.637485437586848E+008
3715, 1.934644423224768E-001, 4.508952065658531E-004,-2.528077005982804E-001, 6.856032067263715E-002, 3.784865646700866E+008
3801, 2.383510939341353E-001, 4.601671790522148E-002,-2.368059989243755E-001, 6.789404581419176E-002, 3.923624336796650E+008
3890, 2.478629389250374E-001, 6.763214222292292E-002, 2.371408311442888E-001, 6.696208303761111E-002, 4.053107746933740E+008
3981, 2.303456629580928E-001,-5.748498692702751E-004,-1.770816583636581E-001, 6.582583511680798E-002, 4.172926392230600E+008
4073, 2.090451151258326E-001, 4.617511691898606E-002,-3.088199716492513E-001, 6.459282267725153E-002, 4.286206345726346E+008
4168, 2.263539371392246E-001, 8.277477039221588E-002, 2.630575725813583E-001, 6.332305185992454E-002, 4.400248965096903E+008
4265, 1.640934454577787E-001, 2.934098656441066E-002,-2.695812757757590E-001, 6.214190739432245E-002, 4.521501109727557E+008
4365, 2.858315845076758E-001, 2.709076514870095E-002,-2.574963296888956E-001, 6.113258797525853E-002, 4.659091814099581E+008
4466, 2.862317725656787E-001, 6.879941946178685E-002, 2.254670221903688E-001, 6.039991114509492E-002, 4.818742600700228E+008
4570, 1.562504507587897E-001,-9.265603130168634E-003, 3.186877374961253E-001, 5.998557908118421E-002, 5.011171282210497E+008
4677, 3.176165705684358E-001,-2.772326179441366E-002,-1.759406807905865E-001, 5.993958309028628E-002, 5.244552642559035E+008
4786, 3.047482166207654E-001, 4.727612443542321E-002, 1.683686407780485E-001, 6.032249573548461E-002, 5.526939126111522E+008
4897, 2.335922326792192E-001,-9.851309084446699E-003,-9.856180852922733E-002, 6.113155682863606E-002, 5.863887847475206E+008
5011, 2.397585574735467E-001,-6.149477994895138E-002,-9.199146931292373E-002, 6.214727841252951E-002, 6.242102723037215E+008
5128, 2.184931178461442E-001,-2.019708137379486E-003, 7.989472414525134E-003, 6.334823438958209E-002, 6.663317988921826E+008
5248, 1.807711518910812E-001,-4.239211111959441E-002, 1.228500360525488E-001, 6.458354813002362E-002, 7.114912196628952E+008
5370, 2.483683155741116E-001,-2.303921989641118E-002, 8.758466562458597E-002, 6.561857657179569E-002, 7.568945322972860E+008
5495, 1.974114476632119E-001,-1.130851757983951E-002,-1.437641317929440E-001, 6.638931441796658E-002, 8.018508034333446E+008
5623, 1.786666937018645E-001, 4.977977872873306E-002,-1.142855679072760E-001, 6.680220520108988E-002, 8.448642966130123E+008
5754, 1.732206451417325E-001,-5.384936793730074E-002, 1.770851772585760E-001, 6.669458568410497E-002, 8.832635028942240E+008
5888, 2.721455028219708E-001, 3.404943934153235E-002, 1.770225728559899E-001, 6.615243935424357E-002, 9.173635017839699E+008
6025, 1.783515659036844E-001, 3.876646206513947E-002,-2.506873877699291E-001, 6.525735424836390E-002, 9.475530980248060E+008
6165, 2.438413258843733E-001,-3.104536486380378E-003,-3.345308677160053E-001, 6.411011747406295E-002, 9.746590638452568E+008
6309, 3.236910217769445E-001,-5.587280550597621E-002,-2.655769660716715E-001, 6.287209529322636E-002, 1.001011300173650E+009
6456, 2.559971701693994E-001,-3.386394300562121E-002, 2.975450933203126E-001, 6.179165067669566E-002, 1.030188818215613E+009
6606, 1.977244717308254E-001, 5.005573389494346E-002, 2.961753005789550E-001, 6.107373424762907E-002, 1.066084440893427E+009
6760, 2.290434593261085E-001, 8.638976393425572E-002, 1.558388020505220E-001, 6.088780710337621E-002, 1.112970661554898E+009
6918, 2.376165427420625E-001, 2.037950253184326E-003, 1.123924842173938E-001, 6.133072215752429E-002, 1.174084041783056E+009
7079, 1.950103664583560E-001,-3.714216823224002E-002,-9.637748675186772E-002, 6.222512792919042E-002, 1.247296242817369E+009
7244, 2.720410887013758E-001, 7.625146745465197E-002, 8.749908106095858E-002, 6.338815260533041E-002, 1.330530913605804E+009
7413, 2.552698080458213E-001,-2.297766552446597E-002,-8.049603690655578E-002, 6.460099142572766E-002, 1.419996175516283E+009
7585, 1.429320110505000E-001,-7.392105098890716E-003, 7.676826050159580E-003, 6.545503595174999E-002, 1.506309542303668E+009
7762, 2.509320716016973E-001,-2.375070814654619E-002, 1.921929907494828E-001, 6.579635190511754E-002, 1.585656392972059E+009
7943, 2.286979272097088E-001, 4.438797595197018E-002,-2.560597857505941E-001, 6.553731039171383E-002, 1.653932307485562E+009
8128, 2.379066781078443E-001, 3.378119360673893E-002, 2.916491742040859E-001, 6.469211266230578E-002, 1.709537829077533E+009
8317, 2.655237167575017E-001,-9.665872201898491E-002,-2.603443214421670E-001, 6.350556943395703E-002, 1.757135321243652E+009
8511, 1.663116936679510E-001, 3.556053300819334E-002,-2.504895376885570E-001, 6.234451166083202E-002, 1.806422773944640E+009
8709, 3.139484300036172E-001, 3.105655353189912E-002,-2.161871773687516E-001, 6.160882546494151E-002, 1.869129972729638E+009
8912, 2.627057211830482E-001, 3.243224045717507E-002, 1.362438772348680E-001, 6.153948483123957E-002, 1.955078515651302E+009
9120, 2.723321688149143E-001,-4.613408272010532E-002, 6.319500193268157E-002, 6.220117425361052E-002, 2.069418139135801E+009
9332, 2.158907355007370E-001, 5.930057232007448E-002, 3.141733309546361E-002, 6.336685712596936E-002, 2.207352125539266E+009
9549, 2.181198597502838E-001, 3.847102082418359E-002,-6.101119340769410E-002, 6.450380033666872E-002, 2.352670356848959E+009
9772, 2.250478921510554E-001, 3.040686252730080E-002, 1.256888390774308E-001, 6.522634362552748E-002, 2.491437184746949E+009
10000, 2.390761954685073E-001,-1.006482480824910E-002, 2.133054476857761E-001, 6.515289608839434E-002, 2.606115843535773E+009
10234, 1.430086657856734E-001,-2.761751778392539E-002, 2.623627177915826E-001, 6.433215337840414E-002, 2.695124954816693E+009
10473, 3.194465969043964E-001,-2.348227266774311E-002,-2.055347489648733E-001, 6.312737691763066E-002, 2.769618440925703E+009
10718, 3.484147043840072E-001,-6.118535813390764E-002, 1.989663807152720E-001, 6.213368205136226E-002, 2.855055713479854E+009
10969, 2.637355483988648E-001,-1.067344820047201E-001,-1.360472526765306E-001, 6.187977572445656E-002, 2.978124128831854E+009
11226, 2.107475401327569E-001,-4.326841245568117E-002, 1.808979368586930E-001, 6.251149148134827E-002, 3.151156176730922E+009
11489, 2.329835782716497E-001, 4.912385982500663E-003,-6.431186781977187E-002, 6.369124551189927E-002, 3.362824416189950E+009
11758, 2.273089755996840E-001, 3.441510902137504E-002, 1.399740562825612E-001, 6.470421743622523E-002, 3.578157821494709E+009
12033, 2.968284407448029E-001,-4.863233609646067E-002,-1.660775144380604E-001, 6.494846354177571E-002, 3.761635464807034E+009
12315, 2.203327195402434E-001,-9.873148354703636E-002,-2.857275536636646E-001, 6.423326871298632E-002, 3.896627100891301E+009
12603, 2.121357588263982E-001, 1.033785200212827E-001,-2.308671628656183E-001, 6.304446437596296E-002, 4.005482357293953E+009
12898, 2.200585154775561E-001, 9.744366818586033E-003, 2.201111817735243E-001, 6.221293174831769E-002, 4.139857613524425E+009
13200, 3.006108629592696E-001, 1.017490699536345E-001, 1.429419312102204E-001, 6.236174532338052E-002, 4.346364202058329E+009
13509, 2.280583486704974E-001, 4.077728028790305E-002, 2.676545730757396E-003, 6.340602597784653E-002, 4.628464413865300E+009
13826, 1.598220281645641E-001, 3.837136548234579E-002, 1.414259645103692E-001, 6.450220459995017E-002, 4.932052091810297E+009
14149, 2.328453632745251E-001,-2.886858278594820E-003,-2.427187230881472E-001, 6.473099764530879E-002, 5.183508141414190E+009
14481, 1.919242376039070E-001,-2.702736970090087E-002,-2.367365042547215E-001, 6.389047393068534E-002, 5.359116622900749E+009
14820, 2.285657902709703E-001, 2.098722924838636E-002, 2.195207763053185E-001, 6.274513839684406E-002, 5.512346133772406E+009
15167, 2.976239902291707E-001,-1.994295969398628E-002,-1.793133001275362E-001, 6.239921184237678E-002, 5.741673186993662E+009
15522, 2.532616097799593E-001,-2.547410149839291E-003, 9.943632518889300E-002, 6.320191657808842E-002, 6.090957901887849E+009
15885, 1.936932826956006E-001, 9.519278690650501E-002,-7.959754070123641E-002, 6.435756627371784E-002, 6.495820900399383E+009
16257, 2.821653244883345E-001, 6.188210699186801E-003,-1.917149161709532E-001, 6.458418212162077E-002, 6.827582663019232E+009
16638, 2.973307396165958E-001,-6.473719753972327E-003, 2.725922874188487E-001, 6.365446586514870E-002, 7.048409201993822E+009
17027, 1.499804925469204E-001,-4.214945457167453E-002,-2.126722637127720E-001, 6.265253587382841E-002, 7.265657427666894E+009
17426, 1.643468027566291E-001, 8.540185930584202E-003, 9.663453104826049E-002, 6.283376156701154E-002, 7.632177646046825E+009
17834, 2.195294262876209E-001,-7.259065543916392E-002, 8.196278006473380E-002, 6.396469738181872E-002, 8.137628612542627E+009
18251, 2.084177572358906E-001, 2.245138113050438E-002,-1.671111664045464E-001, 6.458385565928731E-002, 8.605127120334721E+009
18679, 3.010044424798813E-001,-4.435827655132290E-002,-2.547505781752190E-001, 6.384258872901460E-002, 8.910000415217192E+009
19116, 2.520742429787626E-001, 3.349243183913958E-002, 2.561377948567286E-001, 6.282219395444073E-002, 9.182631033578451E+009
19563, 2.375229972560808E-001, 3.065578919723118E-002,-1.360829503643798E-001, 6.307080300601890E-002, 9.655155253616642E+009
20022, 2.904378541923069E-001, 2.339301239285576E-002, 5.458973391248632E-002, 6.422577120861220E-002, 1.029874329895269E+010
20490, 1.951496493150882E-001,-8.064776682668456E-003, 1.990258282245522E-001, 6.442011744163612E-002, 1.081845941948330E+010
20970, 3.475979467483773E-001, 6.223526217995555E-002, 2.355373715667075E-001, 6.336726445135442E-002, 1.114607116015064E+010
21461, 1.894185764943259E-001, 3.016624844135720E-002,-9.572968046783267E-002, 6.292834857182793E-002, 1.159327760031627E+010
21963, 2.259178427994827E-001,-2.262451824000547E-004,-8.961534978349160E-002, 6.393330068092944E-002, 1.233588865629997E+010
22478, 3.013033138025370E-001, 3.502695908311890E-002, 1.763888060505633E-001, 6.451188232253600E-002, 1.303812195441423E+010
23004, 1.703105475781900E-001, 6.912080249507543E-002, 2.648139878358745E-001, 6.358829648635912E-002, 1.345996404210008E+010
23542, 2.126206589420094E-001, 1.249535073483245E-001, 1.922063669228893E-001, 6.307618191820456E-002, 1.398337804552796E+010
24094, 2.489406778431411E-001, 6.294890143420437E-002, 6.927151658146155E-002, 6.408163981526857E-002, 1.488029084712424E+010
24658, 1.339201933311089E-001, 4.254316062574461E-002, 2.904817444588109E-001, 6.445819837064794E-002, 1.567667123129244E+010
25235, 3.038345875160507E-001,-5.966071258764083E-002,-2.229727931406810E-001, 6.342823379977763E-002, 1.615657227848800E+010
25826, 2.731709865136914E-001, 1.859270851199250E-002, 1.326277021366970E-001, 6.345348093241830E-002, 1.692893885297079E+010
26430, 2.198777975491287E-001, 8.781400201268469E-002, 1.035951570218025E-001, 6.450849832909764E-002, 1.802483300577987E+010
27049, 2.574980385146264E-001, 5.881030944675933E-003,-2.474299742313176E-001, 6.402343113939463E-002, 1.873705640786868E+010
27682, 2.004372388992232E-001,-2.559346401264149E-002, 1.816980860720831E-001, 6.334495155820639E-002, 1.941632032766666E+010
28330, 2.295694864987074E-001, 2.938859494390285E-002, 4.906514914896367E-002, 6.432781310105180E-002, 2.065151550247150E+010
28994, 1.802919796846590E-001, 7.195531860635956E-003, 3.428336195057284E-001, 6.434794432399255E-002, 2.163769216335159E+010
29673, 1.665466363146452E-001,-6.733508104128814E-002,-2.349552504659574E-001, 6.347324019154445E-002, 2.235494333197294E+010
30367, 2.406868162816103E-001,-4.792817333696779E-003,-4.006311452000044E-002, 6.432414828891751E-002, 2.372672598422264E+010
31078, 1.480606648779769E-001,-1.223434470246615E-001, 3.744225959443352E-001, 6.442388217728755E-002, 2.488931864859274E+010
31806, 2.756423299577866E-001, 5.976822585408831E-002, 2.168976359087821E-001, 6.361153738068719E-002, 2.574032300541037E+010
32550, 2.684903955021190E-001,-4.334029309891314E-002, 2.219351187964277E-002, 6.455377067547496E-002, 2.735795256603696E+010
33312, 1.855785246474663E-001,-5.643193116481302E-002, 2.525813650712554E-001, 6.429935240646913E-002, 2.854092247662382E+010
34092, 1.913168989282261E-001,-4.368864621748347E-002, 9.187195545176401E-002, 6.388135322178558E-002, 2.969881070476532E+010
34891, 2.201041367570801E-001, 3.049699426884063E-002,-1.291990825685061E-001, 6.481083417835755E-002, 3.155981408849120E+010
35707, 3.110523932749856E-001, 4.762250873578326E-002,-2.616182206983059E-001, 6.401542202019128E-002, 3.264760530207798E+010
36543, 2.045560822746466E-001,-6.687770772368486E-002, 3.376496650840734E-002, 6.450218662889057E-002, 3.445425190588425E+010
37399, 3.322511230394564E-001, 2.524945658522407E-002,-2.434476968353087E-001, 6.462685242118166E-002, 3.615704882748712E+010
38274, 2.112371049804950E-001, 2.787912435609803E-002, 9.740818082534394E-002, 6.416753336540469E-002, 3.759958413447220E+010
39171, 2.861721640650045E-001, 6.574177527704965E-002,-1.837378706441076E-001, 6.498771452721347E-002, 3.988600809520646E+010
40088, 2.490708133586217E-001, 3.998166078363774E-002, 2.020363424686429E-001, 6.419839048722388E-002, 4.126795144036967E+010
41026, 2.575826848489261E-001, 2.383730591417164E-002, 1.211832599420553E-001, 6.505304329618906E-002, 4.379716113802342E+010
41987, 2.506747954815763E-001,-4.525086371908700E-002,-2.035361395250548E-001, 6.442425217521491E-002, 4.542961617656095E+010
42970, 2.526469153190866E-001,-6.462693107976925E-002, 1.027317784536076E-001, 6.505619098206357E-002, 4.804844428146948E+010
43976, 2.175506110882446E-001, 9.682197280581058E-002, 2.435675139246181E-001, 6.464985900075831E-002, 5.001024950463091E+010
45005, 2.028621278299436E-001, 1.153649404033624E-003,-1.476643289314976E-001, 6.512280500303580E-002, 5.276119480858759E+010
46059, 1.831571084722856E-001, 6.149609157346534E-002,-3.362026208882163E-001, 6.479445336357827E-002, 5.498279726387251E+010
47137, 2.248702169974012E-001, 6.148572564404275E-002,-4.836863605938883E-002, 6.529247943346377E-002, 5.802925963728484E+010
48241, 2.043192490431246E-001,-1.224692241726108E-002,-2.281479821905996E-001, 6.487105673489166E-002, 6.038701570466203E+010
49370, 2.366456040923868E-001, 3.617546446167678E-002, 5.750698315426266E-002, 6.552359520421364E-002, 6.388280313104207E+010
50526, 3.450809816747453E-001,-5.439805891989928E-002, 1.541616775800225E-001, 6.497019328615064E-002, 6.634435643017031E+010
51709, 2.219242370881565E-001,-1.013425278515099E-001,-1.681958052826158E-001, 6.567329609959406E-002, 7.023944692021249E+010
52919, 3.008625654832671E-001, 3.494131698069641E-002,-8.116990738155692E-002, 6.524923005216468E-002, 7.309011417100043E+010
54158, 3.071982924999143E-001, 3.377397871480693E-002, 2.305410009011365E-001, 6.558442078728155E-002, 7.694597632860309E+010
55426, 2.820478330748911E-001,-5.917717333033199E-002, 9.558580604891892E-003, 6.578226403989856E-002, 8.083433740630067E+010
56724, 3.346242552905091E-001, 8.919104621529407E-003, 1.297070267849583E-001, 6.544413854853243E-002, 8.422954281663556E+010
58052, 2.987664057523589E-001,-2.867349652287772E-002, 1.980819069788978E-001, 6.604633736987224E-002, 8.903137960342462E+010
59411, 2.713011824364803E-001, 1.233600957584241E-002,-6.318647114817509E-002, 6.590578054074613E-002, 9.305018139094284E+010
60802, 1.798661571561912E-001,-5.822064963774450E-002, 2.340601579797881E-001, 6.578311541383647E-002, 9.727699779208221E+010
62225, 2.475906156672750E-001,-5.859510978124113E-002,-1.582724065306134E-001, 6.631963364261052E-002, 1.027145387729107E+011
63682, 2.176201153623341E-001,-5.766060569117909E-002, 1.268132486791809E-002, 6.628420116091766E-002, 1.075235035018492E+011
65173, 2.147874286213182E-001,-2.248241894928710E-002,-1.159047235591567E-001, 6.607608536450907E-002, 1.122637957664230E+011
66699, 2.557605797388157E-001, 2.557287519708489E-002,-2.121413493626048E-001, 6.643212799875524E-002, 1.182161471811757E+011
68260, 2.665244178426610E-001,-6.344636957269929E-002, 1.097427631542924E-001, 6.675883626476398E-002, 1.244231856943689E+011
69858, 1.971234667774291E-001,-3.280526988411653E-002, 1.469315772904905E-002, 6.665053310055666E-002, 1.301055774144152E+011
71494, 2.773354076755796E-001,-2.555730236865719E-002, 1.489901005022138E-001, 6.654395453409603E-002, 1.360528956998098E+011
73168, 3.110347441018650E-001,-7.649809460411457E-003, 1.474317696127114E-001, 6.674565654461992E-002, 1.429306500077665E+011
74881, 1.913965524712551E-001,-1.127297707298041E-002,-2.295366558040295E-001, 6.707270723164625E-002, 1.504350720682130E+011
76634, 2.932261735304936E-001, 9.454895195553739E-002, 7.638472086681512E-002, 6.728123544460150E-002, 1.580508872486472E+011
78428, 1.442319276284578E-001, 4.032611579867533E-002,-3.349811889959624E-002, 6.732678192985217E-002, 1.656494996105336E+011
80264, 1.843548510839691E-001, 1.056247273280508E-002,-1.527209181801810E-002, 6.730828040207039E-002, 1.734483149821379E+011
82143, 3.077822543618117E-001, 2.602211441654972E-002,-2.189311170435780E-002, 6.731572044731766E-002, 1.816843876411447E+011
84066, 2.019404317079602E-001,-6.158745460909733E-002, 5.008720193232361E-002, 6.737490259653438E-002, 1.904578636504850E+011
86034, 2.204138851819681E-001,-1.934116686260885E-002, 4.417544529669581E-002, 6.747027114062237E-002, 1.997619077989228E+011
88048, 2.751703837072362E-001,-2.009119420976411E-002, 9.549055937150538E-002, 6.757775001067272E-002, 2.095572594455503E+011
90110, 1.918272586143557E-001,-6.706984476507732E-002, 6.002692913560289E-002, 6.768347574232964E-002, 2.198308421210499E+011
92219, 3.262189490731647E-001, 1.368161004217633E-002,-6.950174294590988E-002, 6.778180676286269E-002, 2.305759196037681E+011
94378, 2.493545752478003E-001,-4.805750017106971E-002, 7.343020196100354E-002, 6.787687155622940E-002, 2.418373350360121E+011
96588, 2.425661120442351E-001, 7.643558676362129E-002, 3.618087055919080E-002, 6.797956108680459E-002, 2.536791036119261E+011
98849, 3.192797051160946E-001, 1.704301786863284E-002, 2.561191546901628E-002, 6.810634729960134E-002, 2.661902476818616E+011
101163, 2.362787716772388E-001,-7.696491046272187E-002, 8.656687594114000E-002, 6.825872242131273E-002, 2.794226110721005E+011
103532, 2.464322392518084E-001,-9.425109628873538E-002, 2.759604244819976E-002, 6.839888196842307E-002, 2.932636270403416E+011
105956, 2.213342319830657E-001, 1.715813504054806E-002, 1.023171865198783E-001, 6.844302226420111E-002, 3.073549976618297E+011
108436, 2.925750409208175E-001, 1.040153261999838E-002, 8.636233336761814E-002, 6.835802280175354E-002, 3.215114630806935E+011
110975, 3.111754247888187E-001,-6.229944890641036E-003,-2.076453120843432E-002, 6.826851079539716E-002, 3.363029895771973E+011
113573, 1.363833736541578E-001,-6.364593338436023E-002, 1.693051137150677E-001, 6.835571600755325E-002, 3.526834037503499E+011
116232, 2.500949749453032E-001,-5.027659665320657E-002,-6.608851568402689E-002, 6.845057039022422E-002, 3.699035371820165E+011
118953, 2.222777789167801E-001, 1.816261604190863E-003,-1.387573830084793E-001, 6.827323231729464E-002, 3.864214757136313E+011
121738, 1.922553818611631E-001,-6.378360329360390E-002,-8.330758558044143E-002, 6.817944262601172E-002, 4.041715714988090E+011
124588, 1.745675172083303E-001, 9.866758050677830E-003, 7.515048266667641E-002, 6.822994273315108E-002, 4.236307010909482E+011
127505, 2.954517472760761E-001,-3.148510468235528E-002,-9.064407563424317E-004, 6.795008708626193E-002, 4.418800965023331E+011
130490, 2.702726663092925E-001, 9.152524171917349E-002,-1.457315872189910E-001, 6.790621832210296E-002, 4.625130584563181E+011
133545, 3.297738593493161E-001,-3.605458283636334E-002,-4.090570676628043E-002, 6.765275802600776E-002, 4.826149406454137E+011
136671, 2.907438431836641E-001, 5.719745432618388E-002, 1.429259744849562E-001, 6.747491473724350E-002, 5.041445538366663E+011
139871, 3.078018071242092E-001,-7.753981266705895E-002,-6.771038250826542E-002, 6.715031251910959E-002, 5.254887094138834E+011
143145, 2.333338858407187E-001,-3.431724176094122E-002, 5.603784771651173E-002, 6.692927234548045E-002, 5.485654617219391E+011
146497, 2.213218020442397E-001, 4.518667238119205E-002, 6.950856863827148E-002, 6.646216943451495E-002, 5.705477105188580E+011
149926, 2.435153549989220E-001,-1.075062247317988E-001, 3.017175997724177E-002, 6.614542332238794E-002, 5.947215834273240E+011
153436, 2.385917909958823E-001, 6.710228160652090E-002,-1.347060775585496E-001, 6.568509794313780E-002, 6.185593549009893E+011
157029, 2.290694300413993E-001, 4.112168957399653E-002, 1.399181148910878E-001, 6.509459236200155E-002, 6.420437652934307E+011
160705, 2.504210413304684E-001,-3.268454374205572E-003, 8.006415550837576E-002, 6.454046858069681E-002, 6.667313614416160E+011
164467, 2.334220521637705E-001, 3.624736889615919E-002, 1.441644542244857E-002, 6.394885403437314E-002, 6.919111017262787E+011
168318, 1.751034696375500E-001,-2.210680906922555E-002,-2.026427600736523E-001, 6.325026830839681E-002, 7.167760534098158E+011
172258, 1.090697950804650E-001, 5.828573221595235E-002,-2.410103826730508E-001, 6.245646013272891E-002, 7.413036838672657E+011
176291, 2.075728413845363E-001, 8.482663670017719E-002, 1.553970810362482E-001, 6.158924774631054E-002, 7.656409853815815E+011
180418, 3.053826671416761E-001, 3.300111744267912E-002,-2.518863752816026E-001, 6.065356141715370E-002, 7.897252541882793E+011
184642, 2.570856333660997E-001, 5.807342214837800E-002,-2.624336768944977E-001, 5.964529706231323E-002, 8.133869281154596E+011
188965, 1.537140063542212E-001,-3.251663986690244E-002, 1.862820273368127E-001, 5.855900158987124E-002, 8.364045727742134E+011
193389, 2.143534646465222E-001, 8.543320221711029E-002, 1.296701996563131E-001, 5.738370517602340E-002, 8.584442841313389E+011
197916, 2.243341043822533E-001, 2.289877785918571E-002,-1.033009461578126E-002, 5.610644688068973E-002, 8.790924858194441E+011
202550, 1.942656953336068E-001, 5.648189560238818E-002,-8.198568488821414E-002, 5.473384439417476E-002, 8.982152815488887E+011
207292, 2.258797020499951E-001, 1.296466640285083E-001,-3.451227702430951E-001, 5.330087851817817E-002, 9.161349299495311E+011
212145, 1.733419550519783E-001,-3.080235901903509E-002, 1.053261784170097E-001, 5.178984078940439E-002, 9.323310930928503E+011
217111, 2.930158023026710E-001,-1.924238699034117E-002, 6.369482320126477E-002, 5.015941609435912E-002, 9.457494968769489E+011
222194, 2.208595385807743E-001, 2.447759924676172E-002,-2.115730372504213E-001, 4.847022380599517E-002, 9.571933461911050E+011
227396, 2.041720500904887E-001,-8.273054972236039E-002,-1.106847693747046E-001, 4.668521094434843E-002, 9.656171238815154E+011
232720, 2.828694596020953E-001, 1.529633840872031E-002,-2.926958068944704E-001, 4.483022399146042E-002, 9.711768389342198E+011
238168, 1.081726743246030E-001,-3.817108335613906E-002,-2.532455020260530E-001, 4.289688184691440E-002, 9.733130255622987E+011
243744, 1.676179734659820E-001,-9.647820955188134E-002,-2.901090168792445E-002, 4.089777056469503E-002, 9.719132287739475E+011
249450, 3.298225524048584E-001,-4.102257982294281E-002,-2.589263513640485E-001, 3.883815572352573E-002, 9.666863953753979E+011
255290, 1.870773087210938E-001,-7.439902077704511E-002,-3.407368609962281E-001, 3.673170067213159E-002, 9.575658175483164E+011
261267, 3.061502770545250E-001, 8.775081595905553E-003, 2.120631905036690E-001, 3.458272325337829E-002, 9.442528354327428E+011
267384, 1.748504320013020E-001,-2.018029405175205E-002,-2.064216654891029E-001, 3.239990217430309E-002, 9.265620792016489E+011
273643, 2.053444790677759E-001,-3.810784912170589E-003, 2.006724601136619E-001, 3.019702665082463E-002, 9.044672783649194E+011
280050, 3.094310039439879E-001, 2.449687214143217E-003,-1.848185108302812E-001, 2.798520868905335E-002, 8.779296068112390E+011
286606, 3.105313508520274E-001,-6.936754560709349E-002,-2.145910338913296E-001, 2.577356430651152E-002, 8.468471492555089E+011
293316, 2.255102104033140E-001,-5.744148798233413E-002,-1.615702739173654E-001, 2.357574988706355E-002, 8.113290277182745E+011
300183, 2.075958332764076E-001,-9.219065481708033E-003, 1.866391827351728E-002, 2.143114046971911E-002, 7.724625996823031E+011
307211, 2.376286093427625E-001,-6.937694144172193E-002, 2.575223442843991E-001, 1.933859476065284E-002, 7.300597883503875E+011
314403, 2.060403119107673E-001, 8.228429186414796E-003, 7.828178501903099E-002, 1.727806362490507E-002, 6.831694274914485E+011
321764, 1.234441202851335E-001,-3.386429373399606E-002,-2.343526983072325E-001, 1.533604354237968E-002, 6.351089438250525E+011
329297, 2.789933775746128E-001, 5.209928584173207E-003,-6.178598996385282E-002, 1.344855420130776E-002, 5.833257354962462E+011
337006, 3.065100903730147E-001,-5.101754498114156E-002,-8.050128325313233E-002, 1.167421451523018E-002, 5.303504316895792E+011
344896, 2.985813305143865E-001,-8.192015128248749E-002,-1.153543736417422E-001, 1.003141571276860E-002, 4.773078037282109E+011
352970, 1.816176948201199E-001,-2.143197668975959E-002,-5.311844296174546E-002, 8.502407370166361E-003, 4.237185626612506E+011
361234, 2.129970743913408E-001,-9.634644890241510E-002, 6.016989750750205E-002, 7.097485138536494E-003, 3.704603421153184E+011
369691, 2.929137013477962E-001,-1.000548694261576E-001, 1.251027483030103E-002, 5.826267289832404E-003, 3.185137255989561E+011
378346, 1.777089185979246E-001,-3.802038354431386E-002,-1.328446006432846E-001, 4.686219913142471E-003, 2.683248838979808E+011
387203, 3.141482626531341E-001,-2.710914442212773E-002,-4.251726557942040E-003, 3.680431152083625E-003, 2.207171686347110E+011
396268, 2.449806253737936E-001,-5.056878894182267E-002, 1.335866011402286E-001, 2.830653143931868E-003, 1.777970919365479E+011
405546, 2.322354783364569E-001, 1.341412062354086E-001,-5.647019012388758E-002, 2.097690147329764E-003, 1.380007904861274E+011
415040, 2.924912532211665E-001,-1.303191539944565E-002, 1.739040634395596E-001, 1.494878251538526E-003, 1.030020156883916E+011
424757, 2.741326971863473E-001,-7.157324599968538E-002,-1.348202848972503E-001, 9.993023397485837E-004, 7.211705529064670E+010
434701, 2.880198579065639E-001, 4.668774091320453E-002,-5.335397856109136E-002, 6.234608877930712E-004, 4.712490453997165E+010
444878, 2.426333189146794E-001,-2.712932496274127E-002, 6.731902248858943E-002, 3.432558649031792E-004, 2.717439081386447E+010
455293, 2.166340674777391E-001, 6.113094150166796E-002,-1.240213200398456E-001, 1.501938637010378E-004, 1.245357748663159E+010
465952, 2.730454819132086E-001,-8.882309178366101E-003, 7.640572897555911E-002, 3.767753811155300E-005, 3.272087204246597E+009
476861, 2.890161699912028E-001,-1.511324582149117E-002,-8.631614996070411E-002, 7.378249785465724E-008, 6.711150151205374E+006
488025, 3.230321051132051E-001, 9.201597772483321E-003,-2.408088750516941E-001, 3.040006365498903E-005, 2.896133815842772E+009
499450, 1.835074349469756E-001, 8.385949901925853E-002, 1.773540711823478E-002, 1.259813891814242E-004, 1.257043825627060E+010
511143, 1.985341829318715E-001,-5.883818059670229E-003,-2.326505988643058E-001, 2.795383503851966E-004, 2.921367708758721E+010
523109, 3.056622259017139E-001,-2.357078133855786E-003,-1.922950019427467E-001, 4.988955124174743E-004, 5.460771104654787E+010
535356, 2.513604973449735E-001,-2.728490576435389E-002, 1.901774377890760E-001, 7.749266035128640E-004, 8.883946013735106E+010
547890, 2.913042547625174E-001, 3.777727517229573E-002, 1.345948735812185E-001, 1.106520806007705E-003, 1.328636941471470E+011
560716, 2.782188755226532E-001, 2.017403842670605E-002, 1.945661007021535E-001, 1.489076690028610E-003, 1.872677335025357E+011
573844, 2.400480172843000E-001,-2.579363797271775E-002, 1.997219520243836E-002, 1.915261900480898E-003, 2.522759504437699E+011
587278, 2.223533880645607E-001,-1.257756465959836E-001,-6.224834051743981E-002, 2.390792594890172E-003, 3.298293944638024E+011
601027, 1.586126419885554E-001,-3.505129868003924E-002, 5.169926140894698E-002, 2.872936819949492E-003, 4.151203570754008E+011
615098, 2.388113326358923E-001, 9.545561744994407E-002, 8.356202810580990E-002, 3.366683669027827E-003, 5.095079132404577E+011
629498, 1.722031151625255E-001,-1.213061866296665E-002, 5.105591115858815E-002, 3.835101299939901E-003, 6.078907576531106E+011
644236, 2.439555431543374E-001, 3.711078334648084E-002,-6.083785222532197E-002, 4.248398618682886E-003, 7.053021853472794E+011
659318, 1.756427628571355E-001,-4.818821539857408E-002,-1.596929486726868E-001, 4.579410255843011E-003, 7.962682676600444E+011
674754, 1.977273186361612E-001, 1.753740334129936E-002,-2.217464786411094E-001, 4.806938668681269E-003, 8.754261349930940E+011
690551, 2.529407357557341E-001, 7.727152684924615E-003, 1.352642834944075E-001, 4.896987972819819E-003, 9.340724129218936E+011
706718, 1.972609597017926E-001, 2.356177493393086E-002,-1.471033860457751E-001, 4.843592396731159E-003, 9.676535313258013E+011
723263, 2.427770776645663E-001,-2.431100319753750E-002, 4.542465153248359E-002, 4.638627695506657E-003, 9.706038393316337E+011
740195, 2.345949694571682E-001,-3.238922059351691E-002, 4.900158207882477E-002, 4.292785185029477E-003, 9.407872913438793E+011
757525, 1.751172456928766E-001,-2.340529866648511E-002, 1.964589552298886E-001, 3.828361700848866E-003, 8.787531491199421E+011
775259, 1.938284026875518E-001,-1.170962009514970E-001,-2.353635428072716E-002, 3.274550403606690E-003, 7.872366496343646E+011
793409, 2.968503001674338E-001,-2.365322171990239E-002, 2.239128544524048E-001, 2.678684784246464E-003, 6.744905156621641E+011
811984, 2.808858163519629E-001,-1.021122045297945E-001,-2.021530435861129E-001, 2.081360047841008E-003, 5.489112711428108E+011
830994, 3.357022602616649E-001, 4.343427980893963E-002,-6.747755633401728E-002, 1.520566846112181E-003, 4.200115995120900E+011
850448, 2.421939451722107E-001,-8.612719519609489E-002, 1.175162020212181E-001, 1.032410849753045E-003, 2.986813321034937E+011
870359, 2.345898087710047E-001,-1.959290913931299E-002, 9.432347056148533E-003, 6.385113627492020E-004, 1.934752741058835E+011
890735, 2.473006866283998E-001, 1.022840096202632E-001,-2.122580330335269E-001, 3.440203456431272E-004, 1.091795133802069E+011
911588, 2.079341174912904E-001, 4.432508871497846E-002, 1.695235434420709E-001, 1.456997612221763E-004, 4.843017412299068E+010
932930, 2.241543296820594E-001, 8.189630428891734E-003, 2.070411788418491E-004, 3.445774196042668E-005, 1.199623385599117E+010
954771, 2.730918773782222E-001, 1.391741361372665E-001,-2.857719679011495E-001, 6.132623275670165E-009, 2.236169486599774E+006
977124, 2.342588690023738E-001,-1.718264202862920E-002, 1.416713503745080E-001, 3.427807763081945E-005, 1.309109005241033E+010
1000000, 2.319979383998570E-001, 9.623911732541349E-004, 1.052490061571552E-001, 1.338919031004824E-004, 5.355676124019296E+010
